{
  "meta_title": "",
  "meta_description": "",
  "sections": [
    {
      "type": "banner-slider",
      "autoplay": 2000,
      "slides": [
        {
          "start": "2023-06-01T11:59:12.715Z",
          "end": "",
          "mobile_img": "/img/uploads/desconto-especial.jpg",
          "img": "/img/uploads/novo.png",
          "link": ""
        },
        {
          "start": "",
          "end": "",
          "img": "/img/uploads/novo-4-.png",
          "mobile_img": "/img/uploads/desconto-especial-1-.jpg"
        }
      ],
      "full_width": true
    },
    {
      "type": "banners-grid",
      "banners": [
        {
          "img": "/img/uploads/charlie-katie-are-3-.png",
          "alt": "Conjuntos",
          "link": "https://griffechick.com.br/conjuntos"
        },
        {
          "img": "/img/uploads/charlie-katie-are-2-.png",
          "alt": "Vestido Fluídos",
          "link": "https://griffechick.com.br/vestidos-fluidos",
          "mobile_img": ""
        },
        {
          "img": "/img/uploads/charlie-katie-are-4-.png",
          "alt": "Saias e Blusas",
          "link": "https://griffechick.com.br/saias"
        }
      ]
    },
    {
      "type": "info-bar",
      "enabled": false
    },
    {
      "type": "collection-shelf",
      "shuffle": false,
      "title": "LANÇAMENTOS DO MÊS",
      "sort": "news"
    }
  ]
}